alpha,L1,L2,L3
0.000000,nan,0.000004,-2.000000
0.001000,-0.070911,0.067717,-1.999750
0.002000,-0.089853,0.084790,-1.999500
0.003000,-0.103266,0.096639,-1.999251
0.004000,-0.114020,0.105999,-1.999002
0.005000,-0.123153,0.113854,-1.998753
0.006000,-0.131176,0.120683,-1.998504
0.007000,-0.138382,0.126761,-1.998256
0.008000,-0.144957,0.132262,-1.998008
0.009000,-0.151026,0.137302,-1.997760
0.010000,-0.156680,0.141965,-1.997512
0.011000,-0.161986,0.146313,-1.997265
0.012000,-0.166994,0.150393,-1.997018
0.013000,-0.171745,0.154241,-1.996771
0.014000,-0.176271,0.157887,-1.996524
0.015000,-0.180597,0.161355,-1.996278
0.016000,-0.184745,0.164664,-1.996032
0.017000,-0.188734,0.167831,-1.995786
0.018000,-0.192578,0.170870,-1.995540
0.019000,-0.196291,0.173792,-1.995295
0.020000,-0.199884,0.176609,-1.995050
0.021000,-0.203366,0.179328,-1.994805
0.022000,-0.206747,0.181957,-1.994560
0.023000,-0.210033,0.184503,-1.994316
0.024000,-0.213232,0.186973,-1.994071
0.025000,-0.216350,0.189371,-1.993827
0.026000,-0.219391,0.191703,-1.993584
0.027000,-0.222360,0.193973,-1.993340
0.028000,-0.225263,0.196183,-1.993097
0.029000,-0.228103,0.198339,-1.992854
0.030000,-0.230882,0.200444,-1.992611
0.031000,-0.233606,0.202499,-1.992369
0.032000,-0.236276,0.204508,-1.992127
0.033000,-0.238896,0.206473,-1.991885
0.034000,-0.241468,0.208397,-1.991643
0.035000,-0.243993,0.210281,-1.991401
0.036000,-0.246476,0.212128,-1.991160
0.037000,-0.248916,0.213939,-1.990919
0.038000,-0.251317,0.215716,-1.990678
0.039000,-0.253680,0.217460,-1.990438
0.040000,-0.256006,0.219172,-1.990197
0.041000,-0.258298,0.220855,-1.989957
0.042000,-0.260556,0.222509,-1.989717
0.043000,-0.262782,0.224136,-1.989478
0.044000,-0.264977,0.225736,-1.989238
0.045000,-0.267142,0.227311,-1.988999
0.046000,-0.269278,0.228861,-1.988760
0.047000,-0.271387,0.230388,-1.988522
0.048000,-0.273469,0.231892,-1.988283
0.049000,-0.275525,0.233374,-1.988045
0.050000,-0.277556,0.234835,-1.987807
0.051000,-0.279563,0.236276,-1.987569
0.052000,-0.281547,0.237697,-1.987332
0.053000,-0.283509,0.239098,-1.987095
0.054000,-0.285448,0.240481,-1.986858
0.055000,-0.287367,0.241847,-1.986621
0.056000,-0.289265,0.243195,-1.986385
0.057000,-0.291143,0.244526,-1.986148
0.058000,-0.293001,0.245840,-1.985912
0.059000,-0.294841,0.247139,-1.985676
0.060000,-0.296662,0.248423,-1.985441
0.061000,-0.298466,0.249691,-1.985205
0.062000,-0.300253,0.250946,-1.984970
0.063000,-0.302022,0.252185,-1.984735
0.064000,-0.303776,0.253412,-1.984501
0.065000,-0.305513,0.254624,-1.984266
0.066000,-0.307235,0.255824,-1.984032
0.067000,-0.308942,0.257011,-1.983798
0.068000,-0.310634,0.258186,-1.983565
0.069000,-0.312312,0.259349,-1.983331
0.070000,-0.313975,0.260499,-1.983098
0.071000,-0.315625,0.261639,-1.982865
0.072000,-0.317262,0.262767,-1.982632
0.073000,-0.318885,0.263884,-1.982400
0.074000,-0.320496,0.264991,-1.982167
0.075000,-0.322094,0.266087,-1.981935
0.076000,-0.323680,0.267173,-1.981703
0.077000,-0.325254,0.268249,-1.981472
0.078000,-0.326816,0.269316,-1.981240
0.079000,-0.328367,0.270373,-1.981009
0.080000,-0.329907,0.271420,-1.980778
0.081000,-0.331436,0.272458,-1.980548
0.082000,-0.332954,0.273488,-1.980317
0.083000,-0.334461,0.274509,-1.980087
0.084000,-0.335959,0.275521,-1.979857
0.085000,-0.337446,0.276525,-1.979627
0.086000,-0.338923,0.277520,-1.979397
0.087000,-0.340391,0.278508,-1.979168
0.088000,-0.341849,0.279487,-1.978939
0.089000,-0.343298,0.280459,-1.978710
0.090000,-0.344738,0.281424,-1.978482
0.091000,-0.346169,0.282381,-1.978253
0.092000,-0.347591,0.283330,-1.978025
0.093000,-0.349004,0.284273,-1.977797
0.094000,-0.350409,0.285208,-1.977569
0.095000,-0.351805,0.286137,-1.977342
0.096000,-0.353194,0.287059,-1.977114
0.097000,-0.354574,0.287974,-1.976887
0.098000,-0.355946,0.288882,-1.976661
0.099000,-0.357311,0.289784,-1.976434
0.100000,-0.358668,0.290680,-1.976208
0.101000,-0.360018,0.291570,-1.975981
0.102000,-0.361360,0.292454,-1.975755
0.103000,-0.362695,0.293331,-1.975530
0.104000,-0.364022,0.294203,-1.975304
0.105000,-0.365343,0.295069,-1.975079
0.106000,-0.366657,0.295929,-1.974854
0.107000,-0.367964,0.296784,-1.974629
0.108000,-0.369265,0.297633,-1.974405
0.109000,-0.370559,0.298476,-1.974180
0.110000,-0.371846,0.299315,-1.973956
0.111000,-0.373127,0.300148,-1.973732
0.112000,-0.374402,0.300976,-1.973508
0.113000,-0.375670,0.301799,-1.973285
0.114000,-0.376933,0.302617,-1.973062
0.115000,-0.378189,0.303430,-1.972839
0.116000,-0.379440,0.304238,-1.972616
0.117000,-0.380685,0.305041,-1.972393
0.118000,-0.381924,0.305839,-1.972171
0.119000,-0.383157,0.306633,-1.971949
0.120000,-0.384385,0.307423,-1.971727
0.121000,-0.385608,0.308207,-1.971505
0.122000,-0.386825,0.308988,-1.971284
0.123000,-0.388036,0.309764,-1.971062
0.124000,-0.389243,0.310535,-1.970841
0.125000,-0.390444,0.311303,-1.970621
0.126000,-0.391640,0.312066,-1.970400
0.127000,-0.392831,0.312825,-1.970180
0.128000,-0.394018,0.313580,-1.969959
0.129000,-0.395199,0.314331,-1.969739
0.130000,-0.396375,0.315078,-1.969520
0.131000,-0.397547,0.315821,-1.969300
0.132000,-0.398714,0.316560,-1.969081
0.133000,-0.399876,0.317295,-1.968862
0.134000,-0.401034,0.318027,-1.968643
0.135000,-0.402187,0.318754,-1.968424
0.136000,-0.403335,0.319479,-1.968206
0.137000,-0.404480,0.320199,-1.967988
0.138000,-0.405620,0.320916,-1.967770
0.139000,-0.406755,0.321629,-1.967552
0.140000,-0.407887,0.322339,-1.967334
0.141000,-0.409014,0.323046,-1.967117
0.142000,-0.410137,0.323749,-1.966900
0.143000,-0.411256,0.324448,-1.966683
0.144000,-0.412371,0.325145,-1.966466
0.145000,-0.413482,0.325838,-1.966250
0.146000,-0.414589,0.326528,-1.966033
0.147000,-0.415692,0.327214,-1.965817
0.148000,-0.416791,0.327898,-1.965601
0.149000,-0.417886,0.328578,-1.965386
0.150000,-0.418978,0.329255,-1.965170
0.151000,-0.420066,0.329929,-1.964955
0.152000,-0.421150,0.330601,-1.964740
0.153000,-0.422231,0.331269,-1.964525
0.154000,-0.423308,0.331934,-1.964311
0.155000,-0.424382,0.332596,-1.964096
0.156000,-0.425452,0.333256,-1.963882
0.157000,-0.426518,0.333912,-1.963668
0.158000,-0.427581,0.334566,-1.963455
0.159000,-0.428641,0.335217,-1.963241
0.160000,-0.429698,0.335865,-1.963028
0.161000,-0.430751,0.336510,-1.962815
0.162000,-0.431800,0.337153,-1.962602
0.163000,-0.432847,0.337793,-1.962389
0.164000,-0.433890,0.338431,-1.962177
0.165000,-0.434931,0.339066,-1.961964
0.166000,-0.435968,0.339698,-1.961752
0.167000,-0.437002,0.340328,-1.961540
0.168000,-0.438032,0.340955,-1.961329
0.169000,-0.439060,0.341579,-1.961117
0.170000,-0.440085,0.342202,-1.960906
0.171000,-0.441107,0.342821,-1.960695
0.172000,-0.442126,0.343439,-1.960484
0.173000,-0.443142,0.344053,-1.960274
0.174000,-0.444155,0.344666,-1.960063
0.175000,-0.445165,0.345276,-1.959853
0.176000,-0.446173,0.345884,-1.959643
0.177000,-0.447177,0.346490,-1.959433
0.178000,-0.448179,0.347093,-1.959224
0.179000,-0.449178,0.347694,-1.959015
0.180000,-0.450175,0.348293,-1.958805
0.181000,-0.451168,0.348889,-1.958596
0.182000,-0.452160,0.349483,-1.958388
0.183000,-0.453148,0.350076,-1.958179
0.184000,-0.454134,0.350666,-1.957971
0.185000,-0.455117,0.351253,-1.957763
0.186000,-0.456098,0.351839,-1.957555
0.187000,-0.457076,0.352423,-1.957347
0.188000,-0.458052,0.353004,-1.957140
0.189000,-0.459025,0.353584,-1.956932
0.190000,-0.459996,0.354161,-1.956725
0.191000,-0.460964,0.354737,-1.956518
0.192000,-0.461930,0.355310,-1.956312
0.193000,-0.462894,0.355882,-1.956105
0.194000,-0.463855,0.356452,-1.955899
0.195000,-0.464813,0.357019,-1.955693
0.196000,-0.465770,0.357585,-1.955487
0.197000,-0.466724,0.358149,-1.955281
0.198000,-0.467676,0.358711,-1.955076
0.199000,-0.468626,0.359271,-1.954871
0.200000,-0.469573,0.359829,-1.954665
0.201000,-0.470518,0.360385,-1.954461
0.202000,-0.471461,0.360940,-1.954256
0.203000,-0.472402,0.361492,-1.954052
0.204000,-0.473341,0.362043,-1.953847
0.205000,-0.474278,0.362592,-1.953643
0.206000,-0.475212,0.363140,-1.953439
0.207000,-0.476144,0.363685,-1.953236
0.208000,-0.477075,0.364229,-1.953032
0.209000,-0.478003,0.364771,-1.952829
0.210000,-0.478929,0.365312,-1.952626
0.211000,-0.479853,0.365851,-1.952423
0.212000,-0.480775,0.366388,-1.952220
0.213000,-0.481695,0.366923,-1.952018
0.214000,-0.482614,0.367457,-1.951816
0.215000,-0.483530,0.367989,-1.951614
0.216000,-0.484444,0.368520,-1.951412
0.217000,-0.485356,0.369049,-1.951210
0.218000,-0.486267,0.369576,-1.951009
0.219000,-0.487175,0.370102,-1.950807
0.220000,-0.488082,0.370626,-1.950606
0.221000,-0.488987,0.371149,-1.950405
0.222000,-0.489890,0.371670,-1.950205
0.223000,-0.490791,0.372190,-1.950004
0.224000,-0.491690,0.372708,-1.949804
0.225000,-0.492588,0.373225,-1.949604
0.226000,-0.493484,0.373740,-1.949404
0.227000,-0.494378,0.374253,-1.949204
0.228000,-0.495270,0.374765,-1.949005
0.229000,-0.496161,0.375276,-1.948805
0.230000,-0.497050,0.375785,-1.948606
0.231000,-0.497937,0.376293,-1.948407
0.232000,-0.498822,0.376800,-1.948209
0.233000,-0.499706,0.377305,-1.948010
0.234000,-0.500588,0.377808,-1.947812
0.235000,-0.501468,0.378310,-1.947613
0.236000,-0.502347,0.378811,-1.947416
0.237000,-0.503224,0.379311,-1.947218
0.238000,-0.504100,0.379809,-1.947020
0.239000,-0.504974,0.380306,-1.946823
0.240000,-0.505846,0.380801,-1.946626
0.241000,-0.506717,0.381295,-1.946429
0.242000,-0.507586,0.381788,-1.946232
0.243000,-0.508454,0.382279,-1.946035
0.244000,-0.509320,0.382770,-1.945839
0.245000,-0.510185,0.383258,-1.945643
0.246000,-0.511048,0.383746,-1.945447
0.247000,-0.511909,0.384232,-1.945251
0.248000,-0.512769,0.384717,-1.945055
0.249000,-0.513628,0.385201,-1.944860
0.250000,-0.514485,0.385684,-1.944664
0.251000,-0.515341,0.386165,-1.944469
0.252000,-0.516195,0.386645,-1.944274
0.253000,-0.517048,0.387124,-1.944080
0.254000,-0.517899,0.387602,-1.943885
0.255000,-0.518749,0.388078,-1.943691
0.256000,-0.519598,0.388554,-1.943497
0.257000,-0.520445,0.389028,-1.943303
0.258000,-0.521291,0.389501,-1.943109
0.259000,-0.522135,0.389973,-1.942916
0.260000,-0.522979,0.390443,-1.942722
0.261000,-0.523820,0.390913,-1.942529
0.262000,-0.524661,0.391381,-1.942336
0.263000,-0.525500,0.391848,-1.942143
0.264000,-0.526338,0.392314,-1.941951
0.265000,-0.527174,0.392779,-1.941758
0.266000,-0.528009,0.393243,-1.941566
0.267000,-0.528843,0.393706,-1.941374
0.268000,-0.529676,0.394168,-1.941182
0.269000,-0.530507,0.394628,-1.940990
0.270000,-0.531337,0.395088,-1.940799
0.271000,-0.532166,0.395546,-1.940607
0.272000,-0.532993,0.396003,-1.940416
0.273000,-0.533820,0.396460,-1.940225
0.274000,-0.534645,0.396915,-1.940035
0.275000,-0.535469,0.397369,-1.939844
0.276000,-0.536291,0.397822,-1.939654
0.277000,-0.537113,0.398274,-1.939463
0.278000,-0.537933,0.398726,-1.939273
0.279000,-0.538752,0.399176,-1.939084
0.280000,-0.539570,0.399625,-1.938894
0.281000,-0.540387,0.400073,-1.938705
0.282000,-0.541203,0.400520,-1.938515
0.283000,-0.542017,0.400966,-1.938326
0.284000,-0.542830,0.401411,-1.938137
0.285000,-0.543643,0.401855,-1.937949
0.286000,-0.544454,0.402298,-1.937760
0.287000,-0.545264,0.402741,-1.937572
0.288000,-0.546072,0.403182,-1.937383
0.289000,-0.546880,0.403622,-1.937195
0.290000,-0.547687,0.404061,-1.937008
0.291000,-0.548492,0.404500,-1.936820
0.292000,-0.549297,0.404937,-1.936633
0.293000,-0.550100,0.405374,-1.936445
0.294000,-0.550903,0.405809,-1.936258
0.295000,-0.551704,0.406244,-1.936071
0.296000,-0.552504,0.406678,-1.935885
0.297000,-0.553303,0.407111,-1.935698
0.298000,-0.554102,0.407542,-1.935512
0.299000,-0.554899,0.407974,-1.935325
0.300000,-0.555695,0.408404,-1.935139
0.301000,-0.556490,0.408833,-1.934954
0.302000,-0.557284,0.409261,-1.934768
0.303000,-0.558077,0.409689,-1.934582
0.304000,-0.558869,0.410116,-1.934397
0.305000,-0.559660,0.410541,-1.934212
0.306000,-0.560450,0.410966,-1.934027
0.307000,-0.561240,0.411390,-1.933842
0.308000,-0.562028,0.411814,-1.933658
0.309000,-0.562815,0.412236,-1.933473
0.310000,-0.563601,0.412657,-1.933289
0.311000,-0.564387,0.413078,-1.933105
0.312000,-0.565171,0.413498,-1.932921
0.313000,-0.565954,0.413917,-1.932738
0.314000,-0.566737,0.414335,-1.932554
0.315000,-0.567519,0.414753,-1.932371
0.316000,-0.568299,0.415169,-1.932188
0.317000,-0.569079,0.415585,-1.932005
0.318000,-0.569858,0.416000,-1.931822
0.319000,-0.570636,0.416415,-1.931639
0.320000,-0.571413,0.416828,-1.931457
0.321000,-0.572189,0.417241,-1.931275
0.322000,-0.572964,0.417652,-1.931092
0.323000,-0.573739,0.418064,-1.930911
0.324000,-0.574512,0.418474,-1.930729
0.325000,-0.575285,0.418883,-1.930547
0.326000,-0.576057,0.419292,-1.930366
0.327000,-0.576828,0.419700,-1.930185
0.328000,-0.577598,0.420107,-1.930004
0.329000,-0.578367,0.420514,-1.929823
0.330000,-0.579136,0.420920,-1.929642
0.331000,-0.579903,0.421325,-1.929462
0.332000,-0.580670,0.421729,-1.929281
0.333000,-0.581436,0.422133,-1.929101
0.334000,-0.582201,0.422536,-1.928921
0.335000,-0.582965,0.422938,-1.928741
0.336000,-0.583729,0.423339,-1.928561
0.337000,-0.584492,0.423740,-1.928382
0.338000,-0.585254,0.424140,-1.928203
0.339000,-0.586015,0.424539,-1.928024
0.340000,-0.586775,0.424937,-1.927845
0.341000,-0.587535,0.425335,-1.927666
0.342000,-0.588293,0.425732,-1.927487
0.343000,-0.589051,0.426129,-1.927309
0.344000,-0.589809,0.426525,-1.927130
0.345000,-0.590565,0.426920,-1.926952
0.346000,-0.591321,0.427314,-1.926774
0.347000,-0.592076,0.427708,-1.926597
0.348000,-0.592830,0.428101,-1.926419
0.349000,-0.593584,0.428493,-1.926242
0.350000,-0.594336,0.428885,-1.926064
0.351000,-0.595088,0.429276,-1.925887
0.352000,-0.595840,0.429666,-1.925710
0.353000,-0.596590,0.430056,-1.925534
0.354000,-0.597340,0.430445,-1.925357
0.355000,-0.598089,0.430833,-1.925181
0.356000,-0.598838,0.431221,-1.925004
0.357000,-0.599585,0.431608,-1.924828
0.358000,-0.600332,0.431995,-1.924652
0.359000,-0.601078,0.432381,-1.924477
0.360000,-0.601824,0.432766,-1.924301
0.361000,-0.602569,0.433150,-1.924126
0.362000,-0.603313,0.433534,-1.923950
0.363000,-0.604057,0.433918,-1.923775
0.364000,-0.604800,0.434300,-1.923601
0.365000,-0.605542,0.434682,-1.923426
0.366000,-0.606283,0.435064,-1.923251
0.367000,-0.607024,0.435445,-1.923077
0.368000,-0.607764,0.435825,-1.922903
0.369000,-0.608504,0.436204,-1.922729
0.370000,-0.609243,0.436584,-1.922555
0.371000,-0.609981,0.436962,-1.922381
0.372000,-0.610718,0.437340,-1.922207
0.373000,-0.611455,0.437717,-1.922034
0.374000,-0.612191,0.438094,-1.921861
0.375000,-0.612927,0.438470,-1.921688
0.376000,-0.613662,0.438845,-1.921515
0.377000,-0.614396,0.439220,-1.921342
0.378000,-0.615130,0.439595,-1.921169
0.379000,-0.615863,0.439968,-1.920997
0.380000,-0.616596,0.440341,-1.920825
0.381000,-0.617328,0.440714,-1.920653
0.382000,-0.618059,0.441086,-1.920481
0.383000,-0.618789,0.441458,-1.920309
0.384000,-0.619520,0.441829,-1.920137
0.385000,-0.620249,0.442199,-1.919966
0.386000,-0.620978,0.442569,-1.919795
0.387000,-0.621706,0.442938,-1.919624
0.388000,-0.622434,0.443307,-1.919453
0.389000,-0.623161,0.443675,-1.919282
0.390000,-0.623887,0.444042,-1.919111
0.391000,-0.624613,0.444410,-1.918941
0.392000,-0.625339,0.444776,-1.918771
0.393000,-0.626063,0.445142,-1.918600
0.394000,-0.626787,0.445508,-1.918431
0.395000,-0.627511,0.445873,-1.918261
0.396000,-0.628234,0.446237,-1.918091
0.397000,-0.628957,0.446601,-1.917922
0.398000,-0.629678,0.446964,-1.917752
0.399000,-0.630400,0.447327,-1.917583
0.400000,-0.631121,0.447689,-1.917414
0.401000,-0.631841,0.448051,-1.917245
0.402000,-0.632561,0.448412,-1.917077
0.403000,-0.633280,0.448773,-1.916908
0.404000,-0.633998,0.449133,-1.916740
0.405000,-0.634717,0.449493,-1.916572
0.406000,-0.635434,0.449852,-1.916403
0.407000,-0.636151,0.450211,-1.916236
0.408000,-0.636868,0.450570,-1.916068
0.409000,-0.637584,0.450927,-1.915900
0.410000,-0.638299,0.451285,-1.915733
0.411000,-0.639014,0.451641,-1.915566
0.412000,-0.639728,0.451998,-1.915399
0.413000,-0.640442,0.452353,-1.915232
0.414000,-0.641155,0.452709,-1.915065
0.415000,-0.641868,0.453064,-1.914898
0.416000,-0.642581,0.453418,-1.914732
0.417000,-0.643293,0.453772,-1.914566
0.418000,-0.644004,0.454125,-1.914399
0.419000,-0.644715,0.454478,-1.914233
0.420000,-0.645425,0.454831,-1.914068
0.421000,-0.646135,0.455183,-1.913902
0.422000,-0.646844,0.455534,-1.913736
0.423000,-0.647553,0.455885,-1.913571
0.424000,-0.648261,0.456236,-1.913406
0.425000,-0.648969,0.456586,-1.913241
0.426000,-0.649677,0.456936,-1.913076
0.427000,-0.650384,0.457285,-1.912911
0.428000,-0.651090,0.457634,-1.912747
0.429000,-0.651796,0.457982,-1.912582
0.430000,-0.652502,0.458330,-1.912418
0.431000,-0.653207,0.458677,-1.912254
0.432000,-0.653911,0.459024,-1.912090
0.433000,-0.654615,0.459371,-1.911926
0.434000,-0.655319,0.459717,-1.911762
0.435000,-0.656022,0.460062,-1.911599
0.436000,-0.656725,0.460407,-1.911436
0.437000,-0.657427,0.460752,-1.911272
0.438000,-0.658129,0.461097,-1.911109
0.439000,-0.658830,0.461440,-1.910947
0.440000,-0.659531,0.461784,-1.910784
0.441000,-0.660232,0.462127,-1.910621
0.442000,-0.660932,0.462470,-1.910459
0.443000,-0.661631,0.462812,-1.910297
0.444000,-0.662330,0.463154,-1.910134
0.445000,-0.663029,0.463495,-1.909972
0.446000,-0.663727,0.463836,-1.909811
0.447000,-0.664425,0.464176,-1.909649
0.448000,-0.665122,0.464516,-1.909488
0.449000,-0.665819,0.464856,-1.909326
0.450000,-0.666516,0.465195,-1.909165
0.451000,-0.667212,0.465534,-1.909004
0.452000,-0.667908,0.465873,-1.908843
0.453000,-0.668603,0.466211,-1.908682
0.454000,-0.669298,0.466548,-1.908522
0.455000,-0.669992,0.466885,-1.908361
0.456000,-0.670686,0.467222,-1.908201
0.457000,-0.671380,0.467559,-1.908041
0.458000,-0.672073,0.467895,-1.907881
0.459000,-0.672766,0.468230,-1.907721
0.460000,-0.673458,0.468566,-1.907561
0.461000,-0.674150,0.468901,-1.907402
0.462000,-0.674842,0.469235,-1.907242
0.463000,-0.675533,0.469569,-1.907083
0.464000,-0.676223,0.469903,-1.906924
0.465000,-0.676914,0.470236,-1.906765
0.466000,-0.677604,0.470569,-1.906606
0.467000,-0.678293,0.470901,-1.906448
0.468000,-0.678982,0.471234,-1.906289
0.469000,-0.679671,0.471565,-1.906131
0.470000,-0.680359,0.471897,-1.905973
0.471000,-0.681047,0.472228,-1.905814
0.472000,-0.681735,0.472558,-1.905657
0.473000,-0.682422,0.472889,-1.905499
0.474000,-0.683109,0.473219,-1.905341
0.475000,-0.683795,0.473548,-1.905184
0.476000,-0.684481,0.473877,-1.905026
0.477000,-0.685167,0.474206,-1.904869
0.478000,-0.685852,0.474535,-1.904712
0.479000,-0.686537,0.474863,-1.904555
0.480000,-0.687222,0.475190,-1.904399
0.481000,-0.687906,0.475518,-1.904242
0.482000,-0.688590,0.475845,-1.904086
0.483000,-0.689273,0.476171,-1.903929
0.484000,-0.689956,0.476498,-1.903773
0.485000,-0.690639,0.476824,-1.903617
0.486000,-0.691321,0.477149,-1.903461
0.487000,-0.692003,0.477474,-1.903306
0.488000,-0.692685,0.477799,-1.903150
0.489000,-0.693366,0.478124,-1.902995
0.490000,-0.694047,0.478448,-1.902839
0.491000,-0.694727,0.478772,-1.902684
0.492000,-0.695408,0.479095,-1.902529
0.493000,-0.696087,0.479418,-1.902374
0.494000,-0.696767,0.479741,-1.902220
0.495000,-0.697446,0.480064,-1.902065
0.496000,-0.698125,0.480386,-1.901911
0.497000,-0.698803,0.480707,-1.901756
0.498000,-0.699481,0.481029,-1.901602
0.499000,-0.700159,0.481350,-1.901448
0.500000,-0.700836,0.481671,-1.901294
0.501000,-0.701513,0.481991,-1.901141
0.502000,-0.702190,0.482311,-1.900987
0.503000,-0.702866,0.482631,-1.900834
0.504000,-0.703542,0.482951,-1.900680
0.505000,-0.704218,0.483270,-1.900527
0.506000,-0.704893,0.483589,-1.900374
0.507000,-0.705568,0.483907,-1.900221
0.508000,-0.706243,0.484225,-1.900069
0.509000,-0.706917,0.484543,-1.899916
0.510000,-0.707591,0.484861,-1.899764
0.511000,-0.708265,0.485178,-1.899612
0.512000,-0.708938,0.485495,-1.899459
0.513000,-0.709611,0.485811,-1.899307
0.514000,-0.710283,0.486128,-1.899156
0.515000,-0.710956,0.486444,-1.899004
0.516000,-0.711628,0.486759,-1.898852
0.517000,-0.712299,0.487074,-1.898701
0.518000,-0.712971,0.487390,-1.898550
0.519000,-0.713642,0.487704,-1.898398
0.520000,-0.714312,0.488019,-1.898247
0.521000,-0.714983,0.488333,-1.898096
0.522000,-0.715653,0.488647,-1.897946
0.523000,-0.716322,0.488960,-1.897795
0.524000,-0.716992,0.489273,-1.897645
0.525000,-0.717661,0.489586,-1.897494
0.526000,-0.718330,0.489899,-1.897344
0.527000,-0.718998,0.490211,-1.897194
0.528000,-0.719666,0.490523,-1.897044
0.529000,-0.720334,0.490835,-1.896894
0.530000,-0.721002,0.491146,-1.896745
0.531000,-0.721669,0.491457,-1.896595
0.532000,-0.722336,0.491768,-1.896446
0.533000,-0.723002,0.492078,-1.896297
0.534000,-0.723669,0.492389,-1.896148
0.535000,-0.724334,0.492699,-1.895999
0.536000,-0.725000,0.493008,-1.895850
0.537000,-0.725665,0.493318,-1.895701
0.538000,-0.726330,0.493627,-1.895553
0.539000,-0.726995,0.493936,-1.895404
0.540000,-0.727660,0.494244,-1.895256
0.541000,-0.728324,0.494552,-1.895108
0.542000,-0.728988,0.494860,-1.894960
0.543000,-0.729651,0.495168,-1.894812
0.544000,-0.730314,0.495475,-1.894665
0.545000,-0.730977,0.495782,-1.894517
0.546000,-0.731640,0.496089,-1.894369
0.547000,-0.732302,0.496396,-1.894222
0.548000,-0.732964,0.496702,-1.894075
0.549000,-0.733626,0.497008,-1.893928
0.550000,-0.734287,0.497314,-1.893781
0.551000,-0.734948,0.497619,-1.893634
0.552000,-0.735609,0.497925,-1.893488
0.553000,-0.736270,0.498230,-1.893341
0.554000,-0.736930,0.498534,-1.893195
0.555000,-0.737590,0.498839,-1.893049
0.556000,-0.738250,0.499143,-1.892903
0.557000,-0.738909,0.499447,-1.892757
0.558000,-0.739568,0.499750,-1.892611
0.559000,-0.740227,0.500054,-1.892465
0.560000,-0.740885,0.500357,-1.892320
0.561000,-0.741544,0.500659,-1.892174
0.562000,-0.742201,0.500962,-1.892029
0.563000,-0.742859,0.501264,-1.891884
0.564000,-0.743516,0.501566,-1.891739
0.565000,-0.744174,0.501868,-1.891594
0.566000,-0.744830,0.502170,-1.891449
0.567000,-0.745487,0.502471,-1.891304
0.568000,-0.746143,0.502772,-1.891160
0.569000,-0.746799,0.503073,-1.891016
0.570000,-0.747455,0.503373,-1.890871
0.571000,-0.748110,0.503673,-1.890727
0.572000,-0.748765,0.503973,-1.890583
0.573000,-0.749420,0.504273,-1.890439
0.574000,-0.750074,0.504573,-1.890296
0.575000,-0.750728,0.504872,-1.890152
0.576000,-0.751382,0.505171,-1.890009
0.577000,-0.752036,0.505470,-1.889865
0.578000,-0.752689,0.505768,-1.889722
0.579000,-0.753342,0.506067,-1.889579
0.580000,-0.753995,0.506365,-1.889436
0.581000,-0.754648,0.506662,-1.889293
0.582000,-0.755300,0.506960,-1.889151
0.583000,-0.755952,0.507257,-1.889008
0.584000,-0.756604,0.507554,-1.888866
0.585000,-0.757255,0.507851,-1.888724
0.586000,-0.757906,0.508148,-1.888581
0.587000,-0.758557,0.508444,-1.888439
0.588000,-0.759208,0.508740,-1.888298
0.589000,-0.759858,0.509036,-1.888156
0.590000,-0.760508,0.509332,-1.888014
0.591000,-0.761158,0.509627,-1.887873
0.592000,-0.761807,0.509922,-1.887731
0.593000,-0.762456,0.510217,-1.887590
0.594000,-0.763105,0.510512,-1.887449
0.595000,-0.763754,0.510807,-1.887308
0.596000,-0.764402,0.511101,-1.887167
0.597000,-0.765051,0.511395,-1.887026
0.598000,-0.765698,0.511689,-1.886886
0.599000,-0.766346,0.511982,-1.886745
0.600000,-0.766993,0.512276,-1.886605
0.601000,-0.767640,0.512569,-1.886465
0.602000,-0.768287,0.512862,-1.886325
0.603000,-0.768933,0.513155,-1.886185
0.604000,-0.769580,0.513447,-1.886045
0.605000,-0.770226,0.513739,-1.885905
0.606000,-0.770871,0.514031,-1.885766
0.607000,-0.771517,0.514323,-1.885626
0.608000,-0.772162,0.514615,-1.885487
0.609000,-0.772807,0.514906,-1.885348
0.610000,-0.773451,0.515197,-1.885209
0.611000,-0.774095,0.515488,-1.885070
0.612000,-0.774739,0.515779,-1.884931
0.613000,-0.775383,0.516070,-1.884792
0.614000,-0.776027,0.516360,-1.884654
0.615000,-0.776670,0.516650,-1.884515
0.616000,-0.777313,0.516940,-1.884377
0.617000,-0.777956,0.517229,-1.884239
0.618000,-0.778598,0.517519,-1.884101
0.619000,-0.779240,0.517808,-1.883963
0.620000,-0.779882,0.518097,-1.883825
0.621000,-0.780523,0.518386,-1.883687
0.622000,-0.781165,0.518675,-1.883550
0.623000,-0.781806,0.518963,-1.883412
0.624000,-0.782447,0.519251,-1.883275
0.625000,-0.783087,0.519539,-1.883138
0.626000,-0.783727,0.519827,-1.883000
0.627000,-0.784367,0.520115,-1.882864
0.628000,-0.785007,0.520402,-1.882727
0.629000,-0.785646,0.520689,-1.882590
0.630000,-0.786286,0.520976,-1.882453
0.631000,-0.786925,0.521263,-1.882317
0.632000,-0.787563,0.521550,-1.882181
0.633000,-0.788201,0.521836,-1.882044
0.634000,-0.788840,0.522122,-1.881908
0.635000,-0.789477,0.522408,-1.881772
0.636000,-0.790115,0.522694,-1.881636
0.637000,-0.790752,0.522980,-1.881501
0.638000,-0.791389,0.523265,-1.881365
0.639000,-0.792026,0.523550,-1.881230
0.640000,-0.792662,0.523835,-1.881094
0.641000,-0.793299,0.524120,-1.880959
0.642000,-0.793934,0.524405,-1.880824
0.643000,-0.794570,0.524689,-1.880689
0.644000,-0.795205,0.524974,-1.880554
0.645000,-0.795841,0.525258,-1.880419
0.646000,-0.796475,0.525542,-1.880285
0.647000,-0.797110,0.525825,-1.880150
0.648000,-0.797744,0.526109,-1.880016
0.649000,-0.798378,0.526392,-1.879881
0.650000,-0.799012,0.526675,-1.879747
0.651000,-0.799645,0.526958,-1.879613
0.652000,-0.800279,0.527241,-1.879479
0.653000,-0.800912,0.527523,-1.879346
0.654000,-0.801544,0.527806,-1.879212
0.655000,-0.802177,0.528088,-1.879078
0.656000,-0.802809,0.528370,-1.878945
0.657000,-0.803441,0.528652,-1.878812
0.658000,-0.804072,0.528933,-1.878678
0.659000,-0.804703,0.529215,-1.878545
0.660000,-0.805334,0.529496,-1.878412
0.661000,-0.805965,0.529777,-1.878280
0.662000,-0.806596,0.530058,-1.878147
0.663000,-0.807226,0.530339,-1.878014
0.664000,-0.807856,0.530620,-1.877882
0.665000,-0.808485,0.530900,-1.877749
0.666000,-0.809115,0.531180,-1.877617
0.667000,-0.809744,0.531460,-1.877485
0.668000,-0.810373,0.531740,-1.877353
0.669000,-0.811001,0.532020,-1.877221
0.670000,-0.811629,0.532299,-1.877089
0.671000,-0.812257,0.532579,-1.876958
0.672000,-0.812885,0.532858,-1.876826
0.673000,-0.813512,0.533137,-1.876695
0.674000,-0.814140,0.533416,-1.876563
0.675000,-0.814766,0.533694,-1.876432
0.676000,-0.815393,0.533973,-1.876301
0.677000,-0.816019,0.534251,-1.876170
0.678000,-0.816645,0.534529,-1.876039
0.679000,-0.817271,0.534807,-1.875909
0.680000,-0.817897,0.535085,-1.875778
0.681000,-0.818522,0.535363,-1.875648
0.682000,-0.819147,0.535640,-1.875517
0.683000,-0.819771,0.535918,-1.875387
0.684000,-0.820396,0.536195,-1.875257
0.685000,-0.821020,0.536472,-1.875127
0.686000,-0.821644,0.536749,-1.874997
0.687000,-0.822267,0.537025,-1.874867
0.688000,-0.822890,0.537302,-1.874737
0.689000,-0.823513,0.537578,-1.874608
0.690000,-0.824136,0.537854,-1.874478
0.691000,-0.824758,0.538130,-1.874349
0.692000,-0.825380,0.538406,-1.874220
0.693000,-0.826002,0.538682,-1.874091
0.694000,-0.826624,0.538957,-1.873962
0.695000,-0.827245,0.539233,-1.873833
0.696000,-0.827866,0.539508,-1.873704
0.697000,-0.828486,0.539783,-1.873575
0.698000,-0.829107,0.540058,-1.873447
0.699000,-0.829727,0.540333,-1.873318
0.700000,-0.830347,0.540607,-1.873190
0.701000,-0.830966,0.540882,-1.873062
0.702000,-0.831585,0.541156,-1.872934
0.703000,-0.832204,0.541430,-1.872806
0.704000,-0.832823,0.541704,-1.872678
0.705000,-0.833441,0.541978,-1.872550
0.706000,-0.834059,0.542252,-1.872423
0.707000,-0.834677,0.542525,-1.872295
0.708000,-0.835294,0.542799,-1.872168
0.709000,-0.835912,0.543072,-1.872040
0.710000,-0.836528,0.543345,-1.871913
0.711000,-0.837145,0.543618,-1.871786
0.712000,-0.837761,0.543891,-1.871659
0.713000,-0.838377,0.544163,-1.871532
0.714000,-0.838993,0.544436,-1.871406
0.715000,-0.839608,0.544708,-1.871279
0.716000,-0.840223,0.544980,-1.871153
0.717000,-0.840838,0.545252,-1.871026
0.718000,-0.841453,0.545524,-1.870900
0.719000,-0.842067,0.545796,-1.870774
0.720000,-0.842681,0.546068,-1.870648
0.721000,-0.843294,0.546339,-1.870522
0.722000,-0.843908,0.546610,-1.870396
0.723000,-0.844521,0.546881,-1.870270
0.724000,-0.845133,0.547153,-1.870144
0.725000,-0.845746,0.547423,-1.870019
0.726000,-0.846358,0.547694,-1.869894
0.727000,-0.846970,0.547965,-1.869768
0.728000,-0.847581,0.548235,-1.869643
0.729000,-0.848192,0.548506,-1.869518
0.730000,-0.848803,0.548776,-1.869393
0.731000,-0.849414,0.549046,-1.869268
0.732000,-0.850024,0.549316,-1.869143
0.733000,-0.850634,0.549585,-1.869019
0.734000,-0.851244,0.549855,-1.868894
0.735000,-0.851853,0.550125,-1.868770
0.736000,-0.852462,0.550394,-1.868646
0.737000,-0.853071,0.550663,-1.868521
0.738000,-0.853679,0.550932,-1.868397
0.739000,-0.854287,0.551201,-1.868273
0.740000,-0.854895,0.551470,-1.868149
0.741000,-0.855503,0.551739,-1.868026
0.742000,-0.856110,0.552007,-1.867902
0.743000,-0.856717,0.552276,-1.867778
0.744000,-0.857323,0.552544,-1.867655
0.745000,-0.857929,0.552812,-1.867532
0.746000,-0.858535,0.553080,-1.867408
0.747000,-0.859141,0.553348,-1.867285
0.748000,-0.859746,0.553616,-1.867162
0.749000,-0.860351,0.553883,-1.867039
0.750000,-0.860956,0.554151,-1.866917
0.751000,-0.861560,0.554418,-1.866794
0.752000,-0.862164,0.554686,-1.866671
0.753000,-0.862768,0.554953,-1.866549
0.754000,-0.863371,0.555220,-1.866427
0.755000,-0.863974,0.555487,-1.866304
0.756000,-0.864577,0.555753,-1.866182
0.757000,-0.865179,0.556020,-1.866060
0.758000,-0.865781,0.556286,-1.865938
0.759000,-0.866383,0.556553,-1.865816
0.760000,-0.866984,0.556819,-1.865695
0.761000,-0.867585,0.557085,-1.865573
0.762000,-0.868186,0.557351,-1.865451
0.763000,-0.868786,0.557617,-1.865330
0.764000,-0.869386,0.557883,-1.865209
0.765000,-0.869986,0.558148,-1.865088
0.766000,-0.870586,0.558414,-1.864966
0.767000,-0.871185,0.558679,-1.864845
0.768000,-0.871784,0.558944,-1.864725
0.769000,-0.872382,0.559210,-1.864604
0.770000,-0.872980,0.559475,-1.864483
0.771000,-0.873578,0.559739,-1.864363
0.772000,-0.874175,0.560004,-1.864242
0.773000,-0.874772,0.560269,-1.864122
0.774000,-0.875369,0.560533,-1.864001
0.775000,-0.875965,0.560798,-1.863881
0.776000,-0.876562,0.561062,-1.863761
0.777000,-0.877157,0.561326,-1.863641
0.778000,-0.877753,0.561590,-1.863522
0.779000,-0.878348,0.561854,-1.863402
0.780000,-0.878942,0.562118,-1.863282
0.781000,-0.879537,0.562382,-1.863163
0.782000,-0.880131,0.562646,-1.863043
0.783000,-0.880724,0.562909,-1.862924
0.784000,-0.881318,0.563172,-1.862805
0.785000,-0.881911,0.563436,-1.862686
0.786000,-0.882503,0.563699,-1.862567
0.787000,-0.883096,0.563962,-1.862448
0.788000,-0.883688,0.564225,-1.862329
0.789000,-0.884279,0.564488,-1.862210
0.790000,-0.884871,0.564750,-1.862092
0.791000,-0.885461,0.565013,-1.861973
0.792000,-0.886052,0.565275,-1.861855
0.793000,-0.886642,0.565538,-1.861736
0.794000,-0.887232,0.565800,-1.861618
0.795000,-0.887822,0.566062,-1.861500
0.796000,-0.888411,0.566324,-1.861382
0.797000,-0.888999,0.566586,-1.861264
0.798000,-0.889588,0.566848,-1.861146
0.799000,-0.890176,0.567110,-1.861029
0.800000,-0.890764,0.567371,-1.860911
0.801000,-0.891351,0.567633,-1.860794
0.802000,-0.891938,0.567894,-1.860676
0.803000,-0.892525,0.568156,-1.860559
0.804000,-0.893111,0.568417,-1.860442
0.805000,-0.893697,0.568678,-1.860325
0.806000,-0.894282,0.568939,-1.860208
0.807000,-0.894867,0.569200,-1.860091
0.808000,-0.895452,0.569460,-1.859974
0.809000,-0.896037,0.569721,-1.859857
0.810000,-0.896621,0.569982,-1.859741
0.811000,-0.897205,0.570242,-1.859624
0.812000,-0.897788,0.570503,-1.859508
0.813000,-0.898371,0.570763,-1.859392
0.814000,-0.898953,0.571023,-1.859276
0.815000,-0.899536,0.571283,-1.859160
0.816000,-0.900118,0.571543,-1.859044
0.817000,-0.900699,0.571803,-1.858928
0.818000,-0.901280,0.572063,-1.858812
0.819000,-0.901861,0.572322,-1.858696
0.820000,-0.902441,0.572582,-1.858581
0.821000,-0.903021,0.572841,-1.858465
0.822000,-0.903601,0.573101,-1.858350
0.823000,-0.904180,0.573360,-1.858235
0.824000,-0.904759,0.573619,-1.858119
0.825000,-0.905337,0.573878,-1.858004
0.826000,-0.905916,0.574137,-1.857889
0.827000,-0.906493,0.574396,-1.857774
0.828000,-0.907071,0.574655,-1.857660
0.829000,-0.907648,0.574913,-1.857545
0.830000,-0.908224,0.575172,-1.857430
0.831000,-0.908800,0.575430,-1.857316
0.832000,-0.909376,0.575689,-1.857201
0.833000,-0.909951,0.575947,-1.857087
0.834000,-0.910527,0.576205,-1.856973
0.835000,-0.911101,0.576464,-1.856859
0.836000,-0.911675,0.576722,-1.856745
0.837000,-0.912249,0.576979,-1.856631
0.838000,-0.912823,0.577237,-1.856517
0.839000,-0.913396,0.577495,-1.856403
0.840000,-0.913969,0.577753,-1.856290
0.841000,-0.914541,0.578010,-1.856176
0.842000,-0.915113,0.578268,-1.856063
0.843000,-0.915684,0.578525,-1.855949
0.844000,-0.916255,0.578782,-1.855836
0.845000,-0.916826,0.579040,-1.855723
0.846000,-0.917396,0.579297,-1.855610
0.847000,-0.917966,0.579554,-1.855497
0.848000,-0.918536,0.579811,-1.855384
0.849000,-0.919105,0.580068,-1.855272
0.850000,-0.919674,0.580324,-1.855159
0.851000,-0.920242,0.580581,-1.855046
0.852000,-0.920810,0.580838,-1.854934
0.853000,-0.921377,0.581094,-1.854821
0.854000,-0.921944,0.581351,-1.854709
0.855000,-0.922511,0.581607,-1.854597
0.856000,-0.923077,0.581863,-1.854485
0.857000,-0.923643,0.582119,-1.854373
0.858000,-0.924209,0.582375,-1.854261
0.859000,-0.924774,0.582631,-1.854149
0.860000,-0.925339,0.582887,-1.854038
0.861000,-0.925903,0.583143,-1.853926
0.862000,-0.926467,0.583399,-1.853814
0.863000,-0.927030,0.583654,-1.853703
0.864000,-0.927593,0.583910,-1.853592
0.865000,-0.928156,0.584165,-1.853480
0.866000,-0.928718,0.584421,-1.853369
0.867000,-0.929280,0.584676,-1.853258
0.868000,-0.929841,0.584931,-1.853147
0.869000,-0.930402,0.585187,-1.853037
0.870000,-0.930963,0.585442,-1.852926
0.871000,-0.931523,0.585697,-1.852815
0.872000,-0.932082,0.585952,-1.852705
0.873000,-0.932642,0.586206,-1.852594
0.874000,-0.933201,0.586461,-1.852484
0.875000,-0.933759,0.586716,-1.852373
0.876000,-0.934317,0.586971,-1.852263
0.877000,-0.934875,0.587225,-1.852153
0.878000,-0.935432,0.587479,-1.852043
0.879000,-0.935988,0.587734,-1.851933
0.880000,-0.936545,0.587988,-1.851823
0.881000,-0.937101,0.588242,-1.851714
0.882000,-0.937656,0.588497,-1.851604
0.883000,-0.938211,0.588751,-1.851494
0.884000,-0.938766,0.589005,-1.851385
0.885000,-0.939320,0.589258,-1.851275
0.886000,-0.939874,0.589512,-1.851166
0.887000,-0.940427,0.589766,-1.851057
0.888000,-0.940980,0.590020,-1.850948
0.889000,-0.941532,0.590273,-1.850839
0.890000,-0.942084,0.590527,-1.850730
0.891000,-0.942636,0.590780,-1.850621
0.892000,-0.943187,0.591034,-1.850512
0.893000,-0.943738,0.591287,-1.850404
0.894000,-0.944288,0.591540,-1.850295
0.895000,-0.944838,0.591793,-1.850187
0.896000,-0.945387,0.592047,-1.850078
0.897000,-0.945936,0.592300,-1.849970
0.898000,-0.946485,0.592553,-1.849862
0.899000,-0.947033,0.592805,-1.849754
0.900000,-0.947580,0.593058,-1.849646
0.901000,-0.948128,0.593311,-1.849538
0.902000,-0.948674,0.593564,-1.849430
0.903000,-0.949221,0.593816,-1.849323
0.904000,-0.949767,0.594069,-1.849215
0.905000,-0.950312,0.594321,-1.849107
0.906000,-0.950857,0.594574,-1.849000
0.907000,-0.951402,0.594826,-1.848892
0.908000,-0.951946,0.595078,-1.848785
0.909000,-0.952489,0.595330,-1.848678
0.910000,-0.953032,0.595583,-1.848571
0.911000,-0.953575,0.595835,-1.848464
0.912000,-0.954117,0.596087,-1.848357
0.913000,-0.954659,0.596339,-1.848250
0.914000,-0.955201,0.596590,-1.848143
0.915000,-0.955742,0.596842,-1.848037
0.916000,-0.956282,0.597094,-1.847930
0.917000,-0.956822,0.597346,-1.847824
0.918000,-0.957362,0.597597,-1.847717
0.919000,-0.957901,0.597849,-1.847611
0.920000,-0.958439,0.598100,-1.847505
0.921000,-0.958978,0.598352,-1.847399
0.922000,-0.959515,0.598603,-1.847293
0.923000,-0.960053,0.598854,-1.847187
0.924000,-0.960590,0.599105,-1.847081
0.925000,-0.961126,0.599357,-1.846975
0.926000,-0.961662,0.599608,-1.846869
0.927000,-0.962197,0.599859,-1.846764
0.928000,-0.962732,0.600110,-1.846658
0.929000,-0.963267,0.600360,-1.846553
0.930000,-0.963801,0.600611,-1.846448
0.931000,-0.964334,0.600862,-1.846342
0.932000,-0.964868,0.601113,-1.846237
0.933000,-0.965400,0.601363,-1.846132
0.934000,-0.965932,0.601614,-1.846027
0.935000,-0.966464,0.601865,-1.845922
0.936000,-0.966995,0.602115,-1.845817
0.937000,-0.967526,0.602365,-1.845713
0.938000,-0.968057,0.602616,-1.845608
0.939000,-0.968586,0.602866,-1.845504
0.940000,-0.969116,0.603116,-1.845399
0.941000,-0.969645,0.603367,-1.845295
0.942000,-0.970173,0.603617,-1.845190
0.943000,-0.970701,0.603867,-1.845086
0.944000,-0.971229,0.604117,-1.844982
0.945000,-0.971756,0.604367,-1.844878
0.946000,-0.972282,0.604617,-1.844774
0.947000,-0.972809,0.604866,-1.844670
0.948000,-0.973334,0.605116,-1.844567
0.949000,-0.973859,0.605366,-1.844463
0.950000,-0.974384,0.605616,-1.844359
0.951000,-0.974908,0.605865,-1.844256
0.952000,-0.975432,0.606115,-1.844152
0.953000,-0.975955,0.606364,-1.844049
0.954000,-0.976478,0.606614,-1.843946
0.955000,-0.977000,0.606863,-1.843843
0.956000,-0.977522,0.607112,-1.843740
0.957000,-0.978043,0.607362,-1.843637
0.958000,-0.978564,0.607611,-1.843534
0.959000,-0.979085,0.607860,-1.843431
0.960000,-0.979604,0.608109,-1.843328
0.961000,-0.980124,0.608358,-1.843225
0.962000,-0.980643,0.608607,-1.843123
0.963000,-0.981161,0.608856,-1.843020
0.964000,-0.981679,0.609105,-1.842918
0.965000,-0.982197,0.609354,-1.842816
0.966000,-0.982714,0.609603,-1.842713
0.967000,-0.983230,0.609852,-1.842611
0.968000,-0.983746,0.610100,-1.842509
0.969000,-0.984262,0.610349,-1.842407
0.970000,-0.984777,0.610598,-1.842305
0.971000,-0.985291,0.610846,-1.842203
0.972000,-0.985805,0.611095,-1.842102
0.973000,-0.986319,0.611343,-1.842000
0.974000,-0.986832,0.611592,-1.841898
0.975000,-0.987345,0.611840,-1.841797
0.976000,-0.987857,0.612088,-1.841696
0.977000,-0.988369,0.612336,-1.841594
0.978000,-0.988880,0.612585,-1.841493
0.979000,-0.989390,0.612833,-1.841392
0.980000,-0.989901,0.613081,-1.841291
0.981000,-0.990410,0.613329,-1.841190
0.982000,-0.990919,0.613577,-1.841089
0.983000,-0.991428,0.613825,-1.840988
0.984000,-0.991936,0.614073,-1.840887
0.985000,-0.992444,0.614321,-1.840787
0.986000,-0.992951,0.614569,-1.840686
0.987000,-0.993458,0.614817,-1.840586
0.988000,-0.993964,0.615064,-1.840485
0.989000,-0.994470,0.615312,-1.840385
0.990000,-0.994975,0.615560,-1.840285
0.991000,-0.995480,0.615807,-1.840185
0.992000,-0.995984,0.616055,-1.840084
0.993000,-0.996488,0.616302,-1.839984
0.994000,-0.996991,0.616550,-1.839885
0.995000,-0.997494,0.616797,-1.839785
0.996000,-0.997996,0.617045,-1.839685
0.997000,-0.998498,0.617292,-1.839585
0.998000,-0.998999,0.617539,-1.839486
0.999000,-0.999500,0.617787,-1.839386
